flip_probability,noisy_error,mitigated_error
0.0,0.0,0.0
0.05,0.04700000000000004,0.0033333333333334103
0.1,0.10699999999999998,0.008749999999999925
0.2,0.22299999999999998,0.03833333333333333
0.3,0.30700000000000005,0.01750000000000007
0.4,0.42000000000000004,0.09999999999999998
